{"cameraMode":{"drawMode":0,"name":"Shaded","section":"Shading Mode"},"sceneLighting":true,"audioPlay":false,"sceneViewState":{"m_AlwaysRefresh":false,"showFog":true,"showSkybox":true,"showFlares":true,"showImageEffects":true,"showParticleSystems":true,"showVisualEffectGraphs":true,"m_FxEnabled":false},"in2DMode":false,"pivot":{"x":-23.662960052490236,"y":22.356361389160158,"z":0.21721304953098298},"rotation":{"x":-0.32843703031539919,"y":0.15265201032161714,"z":-0.05386325716972351,"w":-0.9305127859115601},"size":333.1238708496094,"orthographic":false}